<?xml version="1.0" encoding="UTF-8" standalone="yes"?>
<EnemyStatList xmlns:xsi="http://www.w3.org/2001/XMLSchema-instance">
	<Wave WaveNumber="1">
		<Health>10</Health>
		<Speed>5</Speed>
		<Damage>1</Damage>
		<SpawnNumber>30</SpawnNumber>
	</Wave>
	<Wave WaveNumber="2">
		<Health>20</Health>
		<Speed>5</Speed>
		<Damage>1</Damage>
		<SpawnNumber>30</SpawnNumber>
	</Wave>
	<Wave WaveNumber="3">
		<Health>30</Health>
		<Speed>5</Speed>
		<Damage>1</Damage>
		<SpawnNumber>30</SpawnNumber>
	</Wave>
	<Wave WaveNumber="4">
		<Health>50</Health>
		<Speed>5</Speed>
		<Damage>1</Damage>
		<SpawnNumber>30</SpawnNumber>
	</Wave>
	<Wave WaveNumber="5">
		<Health>80</Health>
		<Speed>5</Speed>
		<Damage>1</Damage>
		<SpawnNumber>30</SpawnNumber>
	</Wave>
	<Wave WaveNumber="6">
		<Health>110</Health>
		<Speed>7</Speed>
		<Damage>1</Damage>
		<SpawnNumber>30</SpawnNumber>
	</Wave>
	<Wave WaveNumber="7">
		<Health>150</Health>
		<Speed>5</Speed>
		<Damage>1</Damage>
		<SpawnNumber>30</SpawnNumber>
	</Wave>
	<Wave WaveNumber="8">
		<Health>200</Health>
		<Speed>5</Speed>
		<Damage>1</Damage>
		<SpawnNumber>30</SpawnNumber>
	</Wave>
	<Wave WaveNumber="9">
		<Health>250</Health>
		<Speed>5</Speed>
		<Damage>1</Damage>
		<SpawnNumber>30</SpawnNumber>
	</Wave>
	<Wave WaveNumber="10">
		<Health>2000</Health>
		<Speed>5</Speed>
		<Damage>15</Damage>
		<SpawnNumber>1</SpawnNumber>
	</Wave>
	<Wave WaveNumber="11">
		<Health>600</Health>
		<Speed>7</Speed>
		<Damage>1</Damage>
		<SpawnNumber>30</SpawnNumber>
	</Wave>
	<Wave WaveNumber="12">
		<Health>900</Health>
		<Speed>5</Speed>
		<Damage>1</Damage>
		<SpawnNumber>30</SpawnNumber>
	</Wave>
	<Wave WaveNumber="13">
		<Health>1200</Health>
		<Speed>5</Speed>
		<Damage>1</Damage>
		<SpawnNumber>30</SpawnNumber>
	</Wave>
	<Wave WaveNumber="14">
		<Health>1550</Health>
		<Speed>5</Speed>
		<Damage>1</Damage>
		<SpawnNumber>30</SpawnNumber>
	</Wave>
	<Wave WaveNumber="15">
		<Health>1900</Health>
		<Speed>5</Speed>
		<Damage>1</Damage>
		<SpawnNumber>30</SpawnNumber>
	</Wave>
	<Wave WaveNumber="16">
		<Health>2500</Health>
		<Speed>5</Speed>
		<Damage>1</Damage>
		<SpawnNumber>30</SpawnNumber>
	</Wave>
	<Wave WaveNumber="17">
		<Health>3000</Health>
		<Speed>5</Speed>
		<Damage>1</Damage>
		<SpawnNumber>30</SpawnNumber>
	</Wave>
	<Wave WaveNumber="18">
		<Health>3500</Health>
		<Speed>5</Speed>
		<Damage>1</Damage>
		<SpawnNumber>30</SpawnNumber>
	</Wave>
	<Wave WaveNumber="19">
		<Health>4300</Health>
		<Speed>5</Speed>
		<Damage>15</Damage>
		<SpawnNumber>30</SpawnNumber>
	</Wave>
	<Wave WaveNumber="20">
		<Health>50000</Health>
		<Speed>5</Speed>
		<Damage>1</Damage>
		<SpawnNumber>1</SpawnNumber>
	</Wave>
	<Wave WaveNumber="21">
		<Health>6000</Health>
		<Speed>5</Speed>
		<Damage>1</Damage>
		<SpawnNumber>30</SpawnNumber>
	</Wave>
	<Wave WaveNumber="22">
		<Health>8000</Health>
		<Speed>5</Speed>
		<Damage>1</Damage>
		<SpawnNumber>30</SpawnNumber>
	</Wave>
	<Wave WaveNumber="23">
		<Health>10000</Health>
		<Speed>8</Speed>
		<Damage>1</Damage>
		<SpawnNumber>30</SpawnNumber>
	</Wave>
	<Wave WaveNumber="24">
		<Health>13000</Health>
		<Speed>5</Speed>
		<Damage>1</Damage>
		<SpawnNumber>30</SpawnNumber>
	</Wave>
	<Wave WaveNumber="25">
		<Health>18000</Health>
		<Speed>5</Speed>
		<Damage>1</Damage>
		<SpawnNumber>30</SpawnNumber>
	</Wave>
	<Wave WaveNumber="26">
		<Health>28000</Health>
		<Speed>5</Speed>
		<Damage>1</Damage>
		<SpawnNumber>30</SpawnNumber>
	</Wave>
	<Wave WaveNumber="27">
		<Health>40000</Health>
		<Speed>5</Speed>
		<Damage>1</Damage>
		<SpawnNumber>30</SpawnNumber>
	</Wave>
	<Wave WaveNumber="28">
		<Health>55000</Health>
		<Speed>5</Speed>
		<Damage>1</Damage>
		<SpawnNumber>30</SpawnNumber>
	</Wave>
	<Wave WaveNumber="29">
		<Health>60000</Health>
		<Speed>5</Speed>
		<Damage>1</Damage>
		<SpawnNumber>30</SpawnNumber>
	</Wave>
	<Wave WaveNumber="30">
		<Health>1000000</Health>
		<Speed>5</Speed>
		<Damage>50</Damage>
		<SpawnNumber>1</SpawnNumber>
	</Wave>
</EnemyStatList>